<?xml version="1.0" encoding="UTF-8"?>
<project-private xmlns="http://www.netbeans.org/ns/project-private/1">
    <editor-bookmarks xmlns="http://www.netbeans.org/ns/editor-bookmarks/2" lastBookmarkId="0"/>
    <open-files xmlns="http://www.netbeans.org/ns/projectui-open-files/2">
        <group>
            <file>file:/C:/Users/carlo/MPLABXProjects/PROYECTO2.X/Conejilo2.c</file>
            <file>file:/C:/Users/carlo/MPLABXProjects/PROYECTO2.X/Conejillo7.c</file>
            <file>file:/C:/Users/carlo/MPLABXProjects/PROYECTO2.X/Conejillo6.c</file>
            <file>file:/C:/Users/carlo/MPLABXProjects/PROYECTO2.X/Conejillo5.c</file>
            <file>file:/C:/Users/carlo/MPLABXProjects/PROYECTO2.X/Conejillo4.c</file>
            <file>file:/C:/Users/carlo/MPLABXProjects/PROYECTO2.X/Conejillo3.c</file>
            <file>file:/C:/Users/carlo/MPLABXProjects/PROYECTO2.X/Conejillo1.c</file>
        </group>
    </open-files>
</project-private>
